<?xml version="1.0" encoding="UTF-8"?>
<metadata xml:lang="en"><Esri><CreaDate>20200825</CreaDate><CreaTime>14132800</CreaTime><ArcGISFormat>1.0</ArcGISFormat><SyncOnce>TRUE</SyncOnce><DataProperties><lineage><Process ToolSource="c:\program files (x86)\arcgis\desktop10.5\ArcToolbox\Toolboxes\Conversion Tools.tbx\RasterToPolygon" Date="20200825" Time="141153">RasterToPolygon "Change Over Time" C:\Users\20934517\Documents\ArcGIS\Default.gdb\RasterTo_Poly NO_SIMPLIFY LegendMatch.Desc_</Process></lineage></DataProperties></Esri></metadata>
