"x","y","urchin.density.m2"
114.982225,-29.513656,NA
114.982177,-29.513639,NA
114.982115,-29.513636,NA
114.982065,-29.513637,NA
114.982022,-29.513642,0.991099357
114.981985,-29.513646,NA
114.981937,-29.513656,1.038129177
114.981887,-29.513661,NA
114.981838,-29.513652,NA
114.981783,-29.513631,0.553922432
114.98173,-29.513597,0.712185984
114.981688,-29.513557,NA
114.981647,-29.513516,NA
114.981602,-29.513481,NA
114.981557,-29.513442,1.058497018
114.981512,-29.513411,0.569202334
114.98147,-29.513379,0.539677131
114.98142,-29.513351,NA
114.981375,-29.513316,1.626039946
114.981328,-29.513279,0.457394733
114.981278,-29.513241,0.833678578
114.981237,-29.513211,1.41281864
114.981183,-29.513179,2.428647311
114.981138,-29.513139,2.934963568
114.981098,-29.513096,2.55646035
114.98106,-29.513061,1.278035353
114.981032,-29.513024,2.346992941
114.980977,-29.512987,1.803856691
114.980933,-29.512949,5.714206374
114.980895,-29.512914,3.947197527
114.98085,-29.512876,1.372310417
114.980822,-29.512844,2.616152052
114.98079,-29.512814,4.728350663
114.98076,-29.512781,6.692371943
114.980735,-29.512732,3.839335972
114.980703,-29.512692,2.142315313
114.980675,-29.512661,1.351048634
114.980645,-29.512629,1.552402401
114.98061,-29.512604,1.753669447
114.980577,-29.512567,1.991822088
114.980532,-29.512536,2.033726737
114.980497,-29.512499,1.891215294
114.980442,-29.512464,3.408742098
114.980398,-29.512427,2.194932821
114.980353,-29.512397,4.848822221
114.980318,-29.512372,2.73287506
114.980277,-29.512349,1.735416127
114.980242,-29.512322,17.96085149
114.9802,-29.512292,4.052406409
114.98017,-29.512259,1.471907461
114.980117,-29.512224,1.156459602
114.98009,-29.512192,NA
114.980052,-29.512164,NA
114.98001,-29.512137,1.155160588
114.979967,-29.512101,1.98128445
114.979915,-29.512074,1.91070051
114.979877,-29.512041,1.51718841
114.979825,-29.512016,NA
114.979793,-29.511992,NA
114.97975,-29.511966,NA
114.979713,-29.511942,NA
114.979677,-29.511912,NA
114.979637,-29.511886,NA
114.979615,-29.511867,NA
114.979585,-29.511846,NA
114.97956,-29.511816,NA
114.979535,-29.511787,NA
114.979502,-29.511754,2.982431033
114.97947,-29.511726,NA
114.979445,-29.511699,NA
114.979418,-29.511681,NA
114.979392,-29.511661,NA
114.97936,-29.511639,NA
114.979312,-29.511622,NA
114.979273,-29.511597,NA
114.979207,-29.511567,NA
114.97916,-29.511544,NA
114.979115,-29.511509,NA
114.979078,-29.511477,1.46540326
114.979045,-29.511442,1.024489361
114.979003,-29.511411,NA
114.978965,-29.511376,NA
114.978923,-29.511339,NA
114.978883,-29.511314,NA
114.978843,-29.511282,NA
114.97881,-29.511249,NA
114.978778,-29.511224,NA
114.978743,-29.511192,NA
114.978695,-29.511156,NA
114.978653,-29.511107,0.562806455
114.978607,-29.511064,2.119303098
114.978572,-29.511021,1.740650793
114.978532,-29.510982,1.991228118
114.978497,-29.510947,2.364365402
114.978458,-29.510902,1.357152279
114.978428,-29.510864,1.21043478
114.97839,-29.510821,2.814384501
114.978358,-29.510776,5.74242415
114.978325,-29.510731,2.319204605
114.978268,-29.510686,0.508179247
114.978227,-29.510641,2.108644289
114.978173,-29.510601,1.318674843
114.978132,-29.510574,2.001764568
114.978088,-29.510539,1.413265306
114.97804,-29.510511,0.810795057
114.977993,-29.510474,2.217070117
114.977952,-29.510431,1.884353742
114.977912,-29.510387,0.957496569
114.977872,-29.510349,NA
114.977818,-29.510304,NA
114.97777,-29.510262,NA
114.977735,-29.510222,1.120255557
114.977695,-29.510174,NA
114.977665,-29.510134,1.152541176
114.977638,-29.510097,2.657617429
114.977608,-29.510064,2.378358565
114.977565,-29.510021,1.53014829
114.977522,-29.509984,NA
114.977472,-29.509957,2.460883301
114.977433,-29.509932,2.24079985
114.97739,-29.509911,NA
114.977345,-29.509886,NA
114.9773,-29.509861,NA
114.977235,-29.509827,NA
114.977197,-29.509789,1.237672059
114.977155,-29.509746,0.9220567
114.977123,-29.509712,NA
114.977087,-29.509667,NA
114.977043,-29.509627,3.507032406
114.977,-29.509587,NA
114.976963,-29.509554,NA
114.976915,-29.509516,NA
114.976872,-29.509481,NA
114.976833,-29.509442,NA
114.976797,-29.509409,NA
114.976762,-29.509372,NA
114.976733,-29.509341,NA
114.976698,-29.509301,NA
114.976665,-29.509266,NA
114.976623,-29.509226,NA
114.97659,-29.509186,NA
114.97655,-29.509159,NA
114.97652,-29.509122,NA
114.976488,-29.509082,NA
114.976458,-29.509046,NA
114.976427,-29.509004,NA
114.976405,-29.508971,NA
114.976368,-29.508929,NA
114.97634,-29.508882,NA
114.97631,-29.508841,NA
114.976285,-29.508797,NA
114.97625,-29.508731,NA
114.976212,-29.508674,NA
114.97617,-29.508617,NA
114.976125,-29.508571,NA
114.976075,-29.508521,NA
114.976032,-29.508482,NA
114.975983,-29.508429,NA
114.97594,-29.508376,NA
114.975895,-29.508331,NA
114.975835,-29.508287,NA
114.975777,-29.508251,NA
114.975727,-29.508214,NA
114.975683,-29.508186,NA
114.975622,-29.508156,NA
114.975575,-29.508136,NA
114.975495,-29.508112,NA
114.97543,-29.508092,NA
114.97537,-29.508064,NA
114.975323,-29.508046,NA
114.975268,-29.508021,NA
114.97522,-29.508002,NA
114.975172,-29.507972,NA
114.975123,-29.507947,NA
114.97507,-29.507919,NA
114.975027,-29.507894,NA
114.974977,-29.507877,NA
114.974922,-29.507862,NA
114.974865,-29.507856,NA
114.974797,-29.507844,NA
114.974715,-29.507832,NA
114.974642,-29.507812,NA
114.974578,-29.507789,NA
114.974515,-29.507759,NA
114.974468,-29.507727,NA
114.974412,-29.507694,NA
114.974368,-29.507664,NA
114.974322,-29.507634,NA
114.974283,-29.507604,NA
114.974237,-29.507562,NA
114.974198,-29.507529,NA
114.974155,-29.507489,NA
114.974125,-29.507459,NA
114.974073,-29.507419,NA
114.974037,-29.507384,NA
114.973982,-29.507351,NA
114.973928,-29.507316,NA
114.973882,-29.507276,3.539477474
114.973842,-29.507226,1.803761197
114.973803,-29.507174,NA
114.973772,-29.507122,2.794336201
114.973738,-29.507074,7.259256008
114.973707,-29.507031,NA
114.973678,-29.506977,NA
114.973642,-29.506941,NA
114.973603,-29.506897,NA
114.973582,-29.506856,NA
114.973555,-29.506822,NA
114.973542,-29.506797,NA
114.973535,-29.506781,NA
114.973533,-29.506767,NA
114.97353,-29.506759,NA
114.973538,-29.506751,NA
114.97354,-29.506747,NA
114.973548,-29.506749,NA
114.973557,-29.506752,NA
114.973567,-29.506762,NA
114.973578,-29.506771,NA
114.973588,-29.506786,NA
114.973598,-29.506799,NA
114.97361,-29.506812,NA
114.97362,-29.506821,NA
114.973633,-29.506834,NA
114.973642,-29.506844,NA
114.973645,-29.506857,NA
114.973653,-29.506867,NA
114.973657,-29.506882,NA
114.973665,-29.506894,NA
114.973672,-29.506906,NA
114.973682,-29.506911,NA
114.973695,-29.506909,NA
114.973715,-29.506916,NA
114.97373,-29.506916,NA
114.973745,-29.506921,NA
114.973755,-29.506922,NA
114.973763,-29.506926,NA
114.973775,-29.506927,NA
114.973783,-29.506929,NA
114.973798,-29.506936,NA
114.973807,-29.506937,NA
114.973818,-29.506941,NA
114.973832,-29.506944,NA
114.97384,-29.506947,NA
114.97386,-29.506952,NA
114.97387,-29.506957,NA
114.983995,-29.520337,NA
114.984072,-29.520431,NA
114.984137,-29.520504,NA
114.98419,-29.520559,NA
114.984212,-29.520586,NA
114.984222,-29.520596,NA
114.984222,-29.520596,NA
114.984227,-29.520597,NA
114.984232,-29.520599,1.768132639
114.98424,-29.520604,NA
114.98424,-29.520604,NA
114.984243,-29.520609,4.527241613
114.984243,-29.520609,NA
114.984245,-29.520614,NA
114.984243,-29.520627,NA
114.984263,-29.520719,NA
114.98428,-29.520816,NA
114.984302,-29.520907,NA
114.984323,-29.520994,NA
114.984353,-29.521074,NA
114.98438,-29.521151,NA
114.98441,-29.521236,1.091539769
114.984438,-29.521309,2.412264405
114.984448,-29.521372,4.334221258
114.984445,-29.521436,0.450964173
114.984443,-29.521497,NA
114.984428,-29.521562,2.213402941
114.98442,-29.521629,1.386651103
114.984407,-29.521686,1.482328681
114.984385,-29.521754,0.550466709
114.984393,-29.521806,1.106557135
114.984395,-29.521859,1.571276421
114.984423,-29.521914,1.112699983
114.984435,-29.521964,1.609537652
114.98444,-29.522019,1.646149425
114.984445,-29.522074,0.942988235
114.984445,-29.522126,NA
114.984457,-29.522176,NA
114.984453,-29.522239,1.341404922
114.984448,-29.522296,1.640339796
114.984457,-29.522354,1.012847531
114.984443,-29.522406,NA
114.984447,-29.522469,1.427116114
114.984432,-29.522536,NA
114.984425,-29.522592,NA
114.984407,-29.522656,2.556070705
114.98441,-29.522722,0.850046635
114.984407,-29.522779,0.476826657
114.984418,-29.522856,NA
114.984433,-29.522919,2.962386018
114.984438,-29.522991,1.314253472
114.984445,-29.523057,11.37725166
114.98444,-29.523124,NA
114.98444,-29.523174,0.698288847
114.984425,-29.523236,NA
114.984423,-29.523292,NA
114.984435,-29.523352,NA
114.984445,-29.523421,NA
114.98445,-29.523482,NA
114.984457,-29.523547,NA
114.984462,-29.523601,NA
114.984478,-29.523667,NA
114.984488,-29.523726,NA
114.984493,-29.523784,NA
114.984485,-29.523852,NA
114.984492,-29.523909,NA
114.984485,-29.523977,NA
114.984488,-29.524036,NA
114.98448,-29.524097,NA
114.984463,-29.524166,NA
114.984465,-29.524226,NA
114.984467,-29.524296,NA
114.984477,-29.524372,1.402636197
114.984495,-29.524451,NA
114.98451,-29.524526,NA
114.984513,-29.524587,NA
114.984528,-29.524647,NA
114.984545,-29.524714,NA
114.984558,-29.524779,NA
114.984573,-29.524839,NA
114.984578,-29.524906,NA
114.98459,-29.524972,NA
114.9846,-29.525044,NA
114.984617,-29.525116,NA
114.984642,-29.525186,NA
114.984665,-29.525257,NA
114.984682,-29.525324,NA
114.984703,-29.525394,NA
114.984702,-29.525457,NA
114.9847,-29.525519,NA
114.984693,-29.525597,NA
114.984685,-29.525659,NA
114.984683,-29.525721,NA
114.984683,-29.525787,NA
114.984682,-29.525854,NA
114.984685,-29.525921,NA
114.98468,-29.525999,NA
114.984677,-29.526061,NA
114.984683,-29.526144,NA
114.984682,-29.526214,NA
114.984682,-29.526276,NA
114.984693,-29.526344,NA
114.984692,-29.526412,NA
114.9847,-29.526479,NA
114.984703,-29.526539,NA
114.984703,-29.526586,NA
114.984713,-29.526631,NA
114.98472,-29.526707,NA
114.984715,-29.526762,NA
114.984705,-29.526806,NA
114.984712,-29.526857,NA
114.984702,-29.526926,NA
114.9847,-29.526994,NA
114.9847,-29.527052,NA
114.984705,-29.527124,NA
114.984707,-29.527177,NA
114.984692,-29.527241,NA
114.984687,-29.527304,NA
114.987203,-29.526194,NA
114.987288,-29.526152,NA
114.987347,-29.526109,NA
114.987383,-29.526074,NA
114.987422,-29.526032,NA
114.98745,-29.525987,NA
114.987468,-29.525939,NA
114.987475,-29.525867,NA
114.987467,-29.525804,NA
114.987455,-29.525731,NA
114.987443,-29.525664,NA
114.987428,-29.525602,NA
114.987413,-29.525541,NA
114.987395,-29.525484,NA
114.987375,-29.525432,NA
114.987357,-29.525376,NA
114.987322,-29.525311,NA
114.9873,-29.525247,NA
114.987305,-29.525174,NA
114.987298,-29.525097,NA
114.987297,-29.525026,NA
114.987283,-29.524956,NA
114.987288,-29.524881,NA
114.987273,-29.524812,NA
114.987275,-29.524729,NA
114.98729,-29.524654,NA
114.987298,-29.524576,NA
114.987313,-29.524489,NA
114.987318,-29.524404,NA
114.987323,-29.524322,NA
114.987335,-29.524244,NA
114.987342,-29.524154,NA
114.987355,-29.524079,NA
114.987375,-29.523991,NA
114.987385,-29.523911,NA
114.987407,-29.523839,NA
114.987428,-29.523766,NA
114.987418,-29.523692,NA
114.987403,-29.523611,2.659495298
114.987372,-29.523534,NA
114.987342,-29.523459,1.932584181
114.987325,-29.523386,NA
114.987297,-29.523317,NA
114.987283,-29.523247,NA
114.987277,-29.523189,NA
114.987278,-29.523129,NA
114.987283,-29.523069,NA
114.987282,-29.523019,1.129630869
114.987277,-29.522957,2.896072283
114.987272,-29.522887,NA
114.987258,-29.522816,NA
114.987235,-29.522761,NA
114.987217,-29.522702,NA
114.987197,-29.522649,NA
114.987163,-29.522591,NA
114.987138,-29.522541,NA
114.987118,-29.522491,NA
114.987105,-29.522431,NA
114.987098,-29.522364,NA
114.987102,-29.522299,NA
114.987107,-29.522222,NA
114.9871,-29.522156,NA
114.987107,-29.522082,NA
114.98711,-29.522022,NA
114.987117,-29.521962,NA
114.987125,-29.521892,NA
114.987113,-29.521837,NA
114.987105,-29.521782,NA
114.987098,-29.521719,NA
114.987083,-29.521661,NA
114.987078,-29.521587,NA
114.987073,-29.521526,NA
114.987072,-29.521454,1.683370019
114.987082,-29.521391,4.147306331
114.987083,-29.521322,7.139629077
114.987092,-29.521249,0.77638496
114.987078,-29.521177,1.071048366
114.987063,-29.521106,NA
114.98704,-29.521044,0.631944077
114.987008,-29.520969,NA
114.986977,-29.520887,1.953281691
114.986963,-29.520816,0.932434114
114.986947,-29.520752,NA
114.986953,-29.520686,NA
114.986953,-29.520614,NA
114.986957,-29.520552,NA
114.986963,-29.520492,NA
114.98696,-29.520441,1.827810086
114.986962,-29.520389,NA
114.98696,-29.520329,NA
114.986972,-29.520272,NA
114.98698,-29.520211,NA
114.986995,-29.520152,NA
114.987017,-29.520091,NA
114.98704,-29.520027,1.232171294
114.98706,-29.519969,NA
114.987072,-29.519897,NA
114.98708,-29.519846,NA
114.9871,-29.519789,NA
114.987108,-29.519719,NA
114.987113,-29.519654,NA
114.98712,-29.519594,NA
114.987112,-29.519521,NA
114.987103,-29.519451,NA
114.987102,-29.519374,NA
114.987093,-29.519297,3.169461506
114.987075,-29.519231,1.681080261
114.987043,-29.519164,2.630504171
114.98703,-29.519111,NA
114.987008,-29.519047,NA
114.986995,-29.518984,NA
114.986962,-29.518889,1.237672059
114.986943,-29.518861,NA
114.986947,-29.518846,NA
114.986948,-29.518827,NA
114.986952,-29.518817,NA
114.986967,-29.518809,NA
114.986985,-29.518817,NA
114.987008,-29.518831,NA
114.987025,-29.518841,NA
114.98703,-29.518852,NA
114.987045,-29.518859,NA
114.987053,-29.518844,NA
114.98706,-29.518827,NA
114.987075,-29.518811,NA
114.987078,-29.518797,NA
114.981513,-29.519537,NA
114.981422,-29.519637,NA
114.981322,-29.519742,NA
114.981215,-29.519837,NA
114.981105,-29.519914,NA
114.980983,-29.519967,NA
114.980858,-29.520012,NA
114.980727,-29.520039,NA
114.980593,-29.520049,NA
114.980482,-29.520082,NA
114.980402,-29.520136,NA
114.980372,-29.520191,NA
114.98035,-29.520246,NA
114.980338,-29.520294,NA
114.980328,-29.520326,NA
114.980327,-29.520337,NA
114.980328,-29.520349,NA
114.980328,-29.520362,NA
114.980323,-29.520374,NA
114.98032,-29.520387,NA
114.980315,-29.520407,NA
114.980308,-29.520417,NA
114.9803,-29.520426,NA
114.980285,-29.520437,NA
114.980202,-29.520471,NA
114.980095,-29.520496,NA
114.979982,-29.520496,NA
114.979858,-29.520502,NA
114.97975,-29.520537,NA
114.979643,-29.520589,NA
114.979543,-29.520644,NA
114.979445,-29.520694,NA
114.979368,-29.520741,NA
114.979312,-29.520782,NA
114.979257,-29.520822,NA
114.979215,-29.520852,NA
114.979177,-29.520869,NA
114.979138,-29.520889,0.895309001
114.979085,-29.520902,NA
114.979017,-29.520892,NA
114.978922,-29.520864,NA
114.978838,-29.520841,NA
114.978772,-29.520827,NA
114.978702,-29.520829,NA
114.978623,-29.520846,NA
114.978548,-29.520877,NA
114.978478,-29.520907,NA
114.978403,-29.520936,1.588648882
114.97834,-29.520959,NA
114.978262,-29.520982,NA
114.978187,-29.521016,NA
114.978113,-29.521044,NA
114.978045,-29.521074,NA
114.977982,-29.521119,NA
114.977928,-29.521152,NA
114.977868,-29.521177,NA
114.977795,-29.521199,NA
114.977737,-29.521202,2.505814825
114.977678,-29.521197,NA
114.977612,-29.521192,1.485901901
114.977543,-29.521199,NA
114.977465,-29.521232,NA
114.977403,-29.521269,NA
114.977357,-29.521309,NA
114.977315,-29.521346,NA
114.977263,-29.521384,NA
114.97721,-29.521411,NA
114.97714,-29.521441,NA
114.97707,-29.521461,NA
114.97701,-29.521467,NA
114.97695,-29.521471,NA
114.9769,-29.521486,NA
114.976862,-29.521501,NA
114.976817,-29.521534,NA
114.976785,-29.521569,NA
114.97675,-29.521617,NA
114.976723,-29.521652,NA
114.976685,-29.521696,NA
114.97665,-29.521739,NA
114.976612,-29.521769,NA
114.976563,-29.521802,NA
114.976512,-29.521844,NA
114.97645,-29.521879,NA
114.976392,-29.521906,NA
114.97634,-29.521926,NA
114.97627,-29.521941,NA
114.976203,-29.521964,NA
114.97614,-29.521981,NA
114.97608,-29.522002,NA
114.976025,-29.522017,NA
114.975967,-29.522032,4.750681255
114.975913,-29.522052,NA
114.975868,-29.522071,NA
114.975822,-29.522097,NA
114.975783,-29.522116,NA
114.975747,-29.522146,NA
114.975713,-29.522164,NA
114.975687,-29.522189,NA
114.97566,-29.522211,NA
114.975633,-29.522236,NA
114.975598,-29.522261,NA
114.975553,-29.522279,NA
114.975488,-29.522272,NA
114.975423,-29.522266,NA
114.975348,-29.522261,NA
114.975278,-29.522271,NA
114.975218,-29.522282,NA
114.975162,-29.522311,NA
114.975108,-29.522354,NA
114.975072,-29.522392,NA
114.975032,-29.522432,NA
114.974993,-29.522476,NA
114.974943,-29.522517,NA
114.974885,-29.522559,NA
114.974832,-29.522604,NA
114.974775,-29.522641,NA
114.974707,-29.522676,NA
114.974642,-29.522704,NA
114.974568,-29.522717,NA
114.974518,-29.522734,NA
114.974455,-29.522762,NA
114.974412,-29.522784,NA
114.974355,-29.522812,NA
114.97431,-29.522849,NA
114.974248,-29.522896,NA
114.9742,-29.522929,NA
114.974145,-29.522964,NA
114.974082,-29.522989,NA
114.974022,-29.523006,NA
114.973948,-29.523017,NA
114.973887,-29.523019,NA
114.973822,-29.523007,NA
114.973757,-29.522997,NA
114.973688,-29.522989,NA
114.973628,-29.522992,NA
114.973557,-29.522997,NA
114.973495,-29.523024,NA
114.973437,-29.523067,NA
114.973395,-29.523104,NA
114.973345,-29.523142,NA
114.973283,-29.523169,NA
114.97323,-29.523192,NA
114.973177,-29.523207,NA
114.973125,-29.523224,NA
114.973073,-29.523241,NA
114.973012,-29.523259,NA
114.972953,-29.523276,NA
114.972898,-29.523284,NA
114.972847,-29.523294,NA
114.972792,-29.523297,NA
114.972742,-29.523304,NA
114.972692,-29.523309,NA
114.972632,-29.523311,NA
114.97258,-29.523321,NA
114.972528,-29.523334,NA
114.972498,-29.523346,NA
114.97246,-29.523371,NA
114.972422,-29.523404,NA
114.972393,-29.523436,NA
114.97236,-29.523471,NA
114.972335,-29.523502,NA
114.972302,-29.523526,NA
114.972253,-29.523547,NA
114.9722,-29.523566,NA
114.972145,-29.523574,NA
114.972092,-29.523582,NA
114.972037,-29.523587,NA
114.971985,-29.523586,NA
114.971942,-29.523581,NA
114.971888,-29.523581,NA
114.971837,-29.523581,NA
114.971775,-29.523587,NA
114.971705,-29.523616,NA
114.971643,-29.523664,NA
114.971588,-29.523729,NA
114.971538,-29.523771,NA
114.971482,-29.523802,NA
114.971425,-29.523822,NA
114.971372,-29.523832,NA
114.971328,-29.523837,NA
114.971262,-29.523836,NA
114.971192,-29.523836,NA
114.971117,-29.523836,NA
114.971053,-29.523847,NA
114.970993,-29.523861,NA
114.970933,-29.523887,NA
114.970888,-29.523917,NA
114.970833,-29.523942,NA
114.970775,-29.523961,NA
114.970708,-29.523981,NA
114.970657,-29.523994,NA
114.970608,-29.524007,NA
114.970562,-29.524022,NA
114.970517,-29.524046,NA
114.970477,-29.524079,NA
114.970438,-29.524112,NA
114.97039,-29.524137,NA
114.97033,-29.524159,NA
114.970273,-29.524164,NA
114.970222,-29.524166,NA
114.970165,-29.524169,NA
114.970102,-29.524176,NA
114.970045,-29.524174,NA
114.969993,-29.524161,NA
114.96993,-29.524141,NA
114.969855,-29.524127,NA
114.969793,-29.524127,NA
114.969745,-29.524136,NA
114.969707,-29.524147,NA
114.969655,-29.524172,NA
114.969622,-29.524201,NA
114.969597,-29.524234,NA
114.969595,-29.524261,NA
114.969593,-29.524286,NA
114.969598,-29.524314,NA
114.969603,-29.524334,NA
114.969602,-29.524346,NA
114.969608,-29.524357,NA
114.969613,-29.524362,NA
114.969618,-29.524369,NA
114.969623,-29.524376,NA
114.969628,-29.524382,NA
114.969635,-29.524387,NA
114.969648,-29.524384,NA
114.969655,-29.524382,NA
114.969662,-29.524382,NA
114.96967,-29.524386,NA
114.969677,-29.524416,NA
114.969672,-29.524449,NA
114.969668,-29.524472,NA
114.969663,-29.524491,NA
114.96966,-29.524506,NA
114.96966,-29.524516,NA
114.962032,-29.519166,NA
114.962098,-29.519221,NA
114.962137,-29.519282,NA
114.962153,-29.519347,NA
114.962158,-29.519419,NA
114.96215,-29.519481,NA
114.962123,-29.519549,NA
114.962067,-29.519602,NA
114.962002,-29.519647,NA
114.961932,-29.519671,NA
114.961858,-29.519682,NA
114.961778,-29.519689,NA
114.961698,-29.519702,NA
114.961632,-29.519722,NA
114.961573,-29.519744,NA
114.961537,-29.519782,NA
114.9615,-29.519836,NA
114.961463,-29.519886,NA
114.961428,-29.519931,NA
114.961403,-29.519986,NA
114.961385,-29.520052,NA
114.961388,-29.520117,NA
114.961385,-29.520179,NA
114.961385,-29.520239,NA
114.961378,-29.520304,NA
114.961365,-29.520357,NA
114.961355,-29.520409,NA
114.961325,-29.520456,NA
114.961298,-29.520506,NA
114.961273,-29.520561,NA
114.961253,-29.520626,NA
114.961247,-29.520687,NA
114.961235,-29.520747,NA
114.961242,-29.520812,NA
114.961233,-29.520876,NA
114.961238,-29.520939,NA
114.96124,-29.521002,NA
114.961223,-29.521054,NA
114.961207,-29.521112,NA
114.96118,-29.521159,NA
114.961153,-29.521214,NA
114.961123,-29.521267,NA
114.961098,-29.521312,NA
114.961075,-29.521371,NA
114.961072,-29.521424,NA
114.961067,-29.521486,NA
114.96107,-29.521551,NA
114.961072,-29.521614,NA
114.961065,-29.521676,NA
114.961062,-29.521729,NA
114.96106,-29.521779,NA
114.961053,-29.521829,NA
114.961035,-29.521886,NA
114.961002,-29.521932,NA
114.960982,-29.521967,NA
114.960947,-29.522011,NA
114.960915,-29.522044,NA
114.960893,-29.522092,NA
114.960877,-29.522139,NA
114.960862,-29.522196,NA
114.960857,-29.522251,NA
114.960855,-29.522309,NA
114.960872,-29.522374,NA
114.960877,-29.522427,NA
114.960875,-29.522479,NA
114.960875,-29.522529,NA
114.96087,-29.522579,NA
114.960865,-29.522624,NA
114.960847,-29.522674,NA
114.960832,-29.522712,NA
114.960802,-29.522762,NA
114.96076,-29.522801,NA
114.960707,-29.522842,NA
114.96065,-29.522887,NA
114.9606,-29.522926,NA
114.960538,-29.522974,NA
114.960505,-29.523036,NA
114.960478,-29.523096,NA
114.960472,-29.523152,NA
114.960483,-29.523216,NA
114.960505,-29.523276,NA
114.960527,-29.523344,NA
114.960547,-29.523409,NA
114.960567,-29.523476,NA
114.96056,-29.523537,NA
114.960548,-29.523599,NA
114.96053,-29.523642,NA
114.960502,-29.523701,NA
114.96049,-29.523746,NA
114.960473,-29.523799,NA
114.960463,-29.523842,NA
114.960452,-29.523896,NA
114.96044,-29.523942,NA
114.960417,-29.523986,NA
114.960402,-29.524032,NA
114.960375,-29.524079,NA
114.96036,-29.524127,NA
114.96033,-29.524181,NA
114.96031,-29.524234,NA
114.960295,-29.524282,NA
114.960277,-29.524339,NA
114.960255,-29.524396,NA
114.960228,-29.524454,NA
114.960198,-29.524504,NA
114.960163,-29.524552,NA
114.960125,-29.524592,NA
114.960077,-29.524641,NA
114.960048,-29.524696,NA
114.960025,-29.524767,NA
114.96002,-29.524846,NA
114.960015,-29.524906,NA
114.960012,-29.524964,NA
114.96,-29.525012,NA
114.959975,-29.525067,NA
114.959957,-29.525109,NA
114.959927,-29.525152,NA
114.959902,-29.525186,NA
114.959858,-29.525229,NA
114.959827,-29.525277,NA
114.959782,-29.525326,NA
114.959747,-29.525377,NA
114.959723,-29.525431,NA
114.959695,-29.525482,NA
114.959685,-29.525539,NA
114.959665,-29.525607,NA
114.959673,-29.525656,NA
114.959672,-29.525714,NA
114.959677,-29.525764,NA
114.959685,-29.525826,NA
114.959678,-29.525877,NA
114.959677,-29.525937,NA
114.959657,-29.525991,NA
114.959637,-29.526051,NA
114.959602,-29.526106,NA
114.959575,-29.526159,NA
114.95954,-29.526202,NA
114.959502,-29.526247,NA
114.959457,-29.526292,NA
114.959413,-29.526344,NA
114.959385,-29.526397,NA
114.959358,-29.526464,NA
114.959358,-29.526524,NA
114.959367,-29.526586,NA
114.959375,-29.526642,NA
114.95939,-29.526704,NA
114.959395,-29.526759,NA
114.95941,-29.526827,NA
114.959417,-29.526892,NA
114.95943,-29.526959,NA
114.959427,-29.527017,NA
114.95941,-29.527081,NA
114.9594,-29.527129,NA
114.959358,-29.527186,NA
114.959328,-29.527229,NA
114.959288,-29.527277,NA
114.959243,-29.527329,NA
114.959217,-29.527377,NA
114.9592,-29.527441,NA
114.959203,-29.527506,NA
114.959212,-29.527561,NA
114.959225,-29.527621,NA
114.959227,-29.527669,NA
114.959225,-29.527726,NA
114.959223,-29.527769,NA
114.959218,-29.527812,NA
114.959202,-29.527856,NA
114.959177,-29.527902,NA
114.959138,-29.527949,NA
114.959098,-29.527994,NA
114.959062,-29.528041,NA
114.959027,-29.528102,NA
114.959013,-29.528162,NA
114.959018,-29.528222,NA
114.959027,-29.528272,NA
114.959043,-29.528321,NA
114.959062,-29.528366,NA
114.959063,-29.528409,NA
114.959078,-29.528456,NA
114.959093,-29.528501,NA
114.959093,-29.528539,NA
114.959097,-29.528577,NA
114.959088,-29.528611,NA
114.959082,-29.528652,NA
114.959067,-29.528699,NA
114.959057,-29.528746,NA
114.959022,-29.528789,NA
114.958993,-29.528834,NA
114.958952,-29.528897,NA
114.958918,-29.528962,NA
114.958907,-29.529014,NA
114.958892,-29.529066,NA
114.958873,-29.529122,NA
114.958867,-29.529176,NA
114.966365,-29.527836,NA
114.966405,-29.527919,NA
114.966413,-29.527999,NA
114.966408,-29.528059,NA
114.966385,-29.528102,NA
114.966362,-29.528151,NA
114.96632,-29.528206,NA
114.966265,-29.528234,NA
114.966147,-29.528276,NA
114.966095,-29.528304,NA
114.966058,-29.528337,NA
114.966032,-29.528386,NA
114.966022,-29.528449,NA
114.966025,-29.528506,NA
114.966022,-29.528564,NA
114.96602,-29.528624,NA
114.966015,-29.528676,NA
114.96601,-29.528734,NA
114.96601,-29.528789,NA
114.966002,-29.528841,NA
114.965995,-29.528889,NA
114.965982,-29.528944,NA
114.965965,-29.529002,NA
114.965967,-29.529057,NA
114.965978,-29.529124,NA
114.965993,-29.529189,NA
114.966003,-29.529247,NA
114.966003,-29.529299,NA
114.96602,-29.529356,NA
114.966018,-29.529426,NA
114.965987,-29.529479,NA
114.965955,-29.529539,NA
114.965907,-29.529596,NA
114.96589,-29.529649,NA
114.965877,-29.529704,NA
114.965895,-29.529757,NA
114.965918,-29.529812,NA
114.96594,-29.529872,NA
114.965972,-29.529926,NA
114.965977,-29.529981,NA
114.96599,-29.530031,NA
114.965998,-29.530084,NA
114.965993,-29.530131,NA
114.965997,-29.530194,3.718103537
114.965992,-29.530246,NA
114.96598,-29.530307,NA
114.965985,-29.530359,NA
114.965987,-29.530414,NA
114.965987,-29.530466,NA
114.965987,-29.530516,NA
114.965982,-29.530566,NA
114.965975,-29.530614,NA
114.965957,-29.530666,NA
114.96594,-29.530717,NA
114.965925,-29.530766,NA
114.9659,-29.530821,NA
114.965883,-29.530861,NA
114.965867,-29.530931,NA
114.965862,-29.530981,NA
114.965855,-29.531032,NA
114.965853,-29.531081,NA
114.96585,-29.531131,NA
114.96585,-29.531184,NA
114.965852,-29.531239,NA
114.965843,-29.531291,NA
114.965833,-29.531331,NA
114.965825,-29.531379,NA
114.965812,-29.531424,NA
114.965803,-29.531474,NA
114.965778,-29.531539,NA
114.965757,-29.531591,NA
114.96574,-29.531642,NA
114.965738,-29.531696,NA
114.965737,-29.531754,NA
114.965742,-29.531804,NA
114.965747,-29.531851,NA
114.965755,-29.531899,NA
114.965767,-29.531941,NA
114.965775,-29.531989,NA
114.965777,-29.532029,NA
114.965783,-29.532082,NA
114.965782,-29.532126,NA
114.96578,-29.532172,NA
114.965773,-29.532219,NA
114.965763,-29.532259,NA
114.965762,-29.532312,NA
114.965748,-29.532357,NA
114.965747,-29.532401,NA
114.965725,-29.532456,NA
114.9657,-29.532499,NA
114.96569,-29.532552,NA
114.965683,-29.532594,NA
114.965672,-29.532649,NA
114.965673,-29.532702,NA
114.965667,-29.532757,NA
114.965663,-29.532806,NA
114.965672,-29.532856,NA
114.965668,-29.532904,NA
114.965678,-29.532944,NA
114.965682,-29.532992,NA
114.965678,-29.533046,NA
114.965658,-29.533096,NA
114.965642,-29.533142,NA
114.965623,-29.533181,NA
114.965582,-29.533231,NA
114.965553,-29.533269,NA
114.965515,-29.533317,NA
114.965498,-29.533367,NA
114.965468,-29.533414,NA
114.965453,-29.533461,NA
114.965432,-29.533499,NA
114.965418,-29.533551,NA
114.965412,-29.533594,NA
114.965408,-29.533641,NA
114.9654,-29.533687,NA
114.965407,-29.533741,NA
114.965407,-29.533787,NA
114.96542,-29.533831,NA
114.965433,-29.533892,NA
114.965452,-29.533951,NA
114.965463,-29.534016,NA
114.965465,-29.534061,NA
114.965458,-29.534121,NA
114.965447,-29.534176,NA
114.965432,-29.534232,NA
114.965427,-29.534291,NA
114.965417,-29.534344,NA
114.965413,-29.534407,NA
114.965405,-29.534466,NA
114.965402,-29.534516,NA
114.965392,-29.534567,NA
114.965392,-29.534617,NA
114.965387,-29.534664,NA
114.965383,-29.534702,NA
114.965373,-29.534749,NA
114.965357,-29.534797,NA
114.965343,-29.534846,NA
114.965325,-29.534899,NA
114.9653,-29.534946,NA
114.965278,-29.534994,NA
114.965265,-29.535046,NA
114.965253,-29.535089,NA
114.965252,-29.535151,NA
114.965247,-29.535209,NA
114.965245,-29.535262,NA
114.965238,-29.535319,NA
114.965235,-29.535372,NA
114.96523,-29.535419,NA
114.965227,-29.535474,NA
114.965218,-29.535534,NA
114.965215,-29.535592,NA
114.965218,-29.535649,NA
114.965208,-29.535711,NA
114.965213,-29.535769,NA
114.965212,-29.535832,NA
114.965223,-29.535892,NA
114.965228,-29.535952,NA
114.965228,-29.536007,NA
114.965227,-29.536066,NA
114.96522,-29.536126,NA
114.965217,-29.536181,NA
114.965208,-29.536241,NA
114.965192,-29.536291,NA
114.965182,-29.536344,NA
114.96517,-29.536396,NA
114.965157,-29.536446,NA
114.96514,-29.536486,NA
114.96514,-29.536529,NA
114.965135,-29.536567,NA
114.965127,-29.536619,NA
114.965123,-29.536669,NA
114.965108,-29.536719,NA
114.965103,-29.536764,NA
114.965082,-29.536809,NA
114.965068,-29.536854,NA
114.965057,-29.536896,NA
114.965057,-29.536937,NA
114.965048,-29.536981,NA
114.965037,-29.537032,NA
114.965022,-29.537082,NA
114.965013,-29.537126,NA
114.964992,-29.537179,NA
114.964985,-29.537222,NA
114.964967,-29.537284,NA
114.964955,-29.537334,NA
114.964935,-29.537384,2.605802702
114.964922,-29.537434,NA
114.964905,-29.537489,NA
114.96489,-29.537539,NA
114.964877,-29.537581,NA
114.964867,-29.537621,NA
114.96486,-29.537659,NA
114.964848,-29.537704,NA
114.964835,-29.537751,NA
114.964818,-29.537801,NA
114.964803,-29.537831,NA
114.945222,-29.553352,NA
114.945232,-29.553317,NA
114.945242,-29.553279,NA
114.945262,-29.553232,NA
114.945285,-29.553187,NA
114.945308,-29.553147,NA
114.945325,-29.553111,NA
114.945345,-29.553082,NA
114.945375,-29.553042,NA
114.945383,-29.552994,NA
114.945395,-29.552939,NA
114.945397,-29.552881,NA
114.945385,-29.552829,NA
114.945382,-29.552784,NA
114.945382,-29.552744,NA
114.945382,-29.552709,NA
114.945372,-29.552666,NA
114.94538,-29.552616,NA
114.945387,-29.552567,NA
114.945405,-29.552522,NA
114.945428,-29.552462,NA
114.945458,-29.552417,NA
114.945503,-29.552376,NA
114.945563,-29.552336,NA
114.94562,-29.552289,NA
114.945652,-29.552237,NA
114.945683,-29.552177,NA
114.945695,-29.552116,NA
114.945695,-29.552062,NA
114.945707,-29.551999,NA
114.945705,-29.551947,NA
114.945723,-29.551889,NA
114.94574,-29.551846,NA
114.945747,-29.551797,NA
114.945767,-29.551741,NA
114.945773,-29.551692,NA
114.945787,-29.551639,NA
114.945822,-29.551594,NA
114.945835,-29.551544,NA
114.945867,-29.551501,NA
114.945882,-29.551467,NA
114.94589,-29.551441,NA
114.9459,-29.551414,NA
114.945912,-29.551387,NA
114.945897,-29.551347,NA
114.945902,-29.551294,NA
114.9459,-29.551246,NA
114.94593,-29.551197,NA
114.945977,-29.551157,NA
114.946028,-29.551101,NA
114.946073,-29.551057,NA
114.94612,-29.551011,NA
114.94615,-29.550962,NA
114.946173,-29.550914,NA
114.946197,-29.550864,NA
114.946212,-29.550824,NA
114.946227,-29.550784,NA
114.946225,-29.550737,NA
114.94622,-29.550692,NA
114.946212,-29.550647,NA
114.946215,-29.550584,NA
114.94622,-29.550539,NA
114.94625,-29.550487,NA
114.946277,-29.550441,NA
114.946303,-29.550396,NA
114.946338,-29.550347,NA
114.94636,-29.550292,NA
114.946387,-29.550231,NA
114.946397,-29.550174,NA
114.946423,-29.550116,NA
114.946423,-29.550069,NA
114.946432,-29.550014,NA
114.946437,-29.549959,NA
114.946428,-29.549917,NA
114.946445,-29.549859,NA
114.946458,-29.549802,NA
114.946468,-29.549749,NA
114.946475,-29.549689,NA
114.94647,-29.549641,NA
114.946472,-29.549586,NA
114.946482,-29.549534,NA
114.946487,-29.549487,NA
114.946492,-29.549442,NA
114.9465,-29.549397,NA
114.946498,-29.549357,NA
114.94651,-29.549314,NA
114.946527,-29.549271,NA
114.946545,-29.549221,NA
114.94657,-29.549174,NA
114.946585,-29.549131,NA
114.946607,-29.549071,NA
114.9466,-29.549024,NA
114.946625,-29.548957,NA
114.946623,-29.548896,NA
114.946633,-29.548831,NA
114.946643,-29.548764,NA
114.946655,-29.548712,NA
114.94669,-29.548664,NA
114.946707,-29.548619,NA
114.946737,-29.548554,NA
114.946762,-29.548499,NA
114.946792,-29.548439,NA
114.946818,-29.548387,NA
114.946827,-29.548341,NA
114.946843,-29.548292,NA
114.946853,-29.548237,NA
114.946862,-29.548174,NA
114.94688,-29.548112,NA
114.946895,-29.548052,NA
114.946908,-29.547997,NA
114.946927,-29.547934,NA
114.946943,-29.547882,NA
114.946953,-29.547836,NA
114.94697,-29.547772,NA
114.946968,-29.547722,NA
114.94698,-29.547677,NA
114.946985,-29.547616,NA
114.946992,-29.547559,NA
114.947007,-29.547507,NA
114.947032,-29.547451,NA
114.947038,-29.547407,NA
114.947057,-29.547351,NA
114.947058,-29.547294,NA
114.947073,-29.547227,NA
114.947097,-29.547172,NA
114.947122,-29.547119,NA
114.94714,-29.547066,NA
114.947167,-29.547011,NA
114.947188,-29.546957,NA
114.947197,-29.546916,NA
114.947217,-29.546856,NA
114.947225,-29.546814,NA
114.947237,-29.546754,NA
114.947245,-29.546706,NA
114.947253,-29.546652,NA
114.947258,-29.546594,NA
114.94727,-29.546532,NA
114.947267,-29.546472,NA
114.947272,-29.546411,NA
114.947277,-29.546344,NA
114.947287,-29.546289,NA
114.947308,-29.546217,NA
114.94733,-29.546161,NA
114.947355,-29.546107,NA
114.947373,-29.546054,NA
114.947392,-29.545984,NA
114.947407,-29.545917,NA
114.94741,-29.545844,NA
114.947418,-29.545784,NA
114.947418,-29.545739,NA
114.947423,-29.545702,NA
114.94743,-29.545666,NA
114.947433,-29.545621,NA
114.947437,-29.545586,NA
114.947452,-29.545549,NA
114.94745,-29.545509,NA
114.94746,-29.545449,NA
114.947473,-29.545406,NA
114.947505,-29.545357,NA
114.94753,-29.545311,NA
114.947542,-29.545271,NA
114.947565,-29.545241,NA
114.947587,-29.545192,NA
114.947603,-29.545146,NA
114.947613,-29.545099,NA
114.947613,-29.545029,NA
114.94761,-29.544967,NA
114.947632,-29.544909,NA
114.947645,-29.544856,NA
114.947672,-29.544806,NA
114.947705,-29.544754,NA
114.947723,-29.544707,NA
114.947755,-29.544646,NA
114.947803,-29.544589,NA
114.947832,-29.544544,NA
114.947877,-29.544474,NA
114.94791,-29.544424,NA
114.947937,-29.544369,NA
114.94797,-29.544321,NA
114.948003,-29.544261,NA
114.948023,-29.544207,NA
114.948063,-29.544164,NA
114.948108,-29.544121,NA
114.948145,-29.544077,NA
114.948203,-29.544041,NA
114.94827,-29.544007,NA
114.948337,-29.543974,NA
114.948407,-29.543951,NA
114.948472,-29.543926,NA
114.948525,-29.543894,NA
114.948577,-29.543859,NA
114.948642,-29.543806,NA
114.9487,-29.543774,NA
114.948753,-29.543744,NA
114.948818,-29.543719,NA
114.948873,-29.543692,NA
114.94893,-29.543657,NA
114.949002,-29.543616,NA
114.949062,-29.543579,NA
114.949113,-29.543542,NA
114.949157,-29.543494,NA
114.949185,-29.543442,NA
114.94921,-29.543391,NA
114.949242,-29.543341,NA
114.949263,-29.543282,NA
114.949278,-29.543222,NA
114.949292,-29.543161,NA
114.949303,-29.543111,NA
114.949317,-29.543047,NA
114.949332,-29.542991,NA
114.949355,-29.542922,NA
114.949387,-29.542854,NA
114.949413,-29.542801,NA
114.949415,-29.542729,NA
114.949427,-29.542664,NA
114.949443,-29.542612,NA
114.949463,-29.542559,NA
114.949488,-29.542514,NA
114.94952,-29.542464,NA
114.949548,-29.542416,NA
114.949577,-29.542352,NA
114.949608,-29.542296,NA
114.949625,-29.542237,NA
114.94965,-29.542174,NA
114.949698,-29.542117,NA
114.949733,-29.542069,NA
114.949777,-29.542022,NA
114.94982,-29.541951,NA
114.949853,-29.541876,NA
114.949892,-29.541824,NA
114.94992,-29.541771,NA
114.949935,-29.541709,NA
114.949967,-29.541641,NA
114.950015,-29.541587,NA
114.950058,-29.541541,NA
114.9501,-29.541486,NA
114.950137,-29.541444,NA
114.950155,-29.541406,NA
114.950177,-29.541361,NA
114.9502,-29.541311,NA
114.95023,-29.541271,NA
114.950252,-29.541214,NA
114.950287,-29.541164,NA
114.950315,-29.541119,NA
114.950357,-29.541072,NA
114.950398,-29.541034,NA
114.950428,-29.541002,NA
114.950465,-29.540967,NA
114.950522,-29.540919,NA
114.95057,-29.540891,NA
114.950632,-29.540866,NA
114.950712,-29.540851,NA
114.950773,-29.540824,NA
114.950832,-29.540806,NA
114.95087,-29.540777,NA
114.950908,-29.540751,NA
114.950943,-29.540724,NA
114.950985,-29.540689,NA
114.951017,-29.540637,NA
114.951032,-29.540592,NA
114.951062,-29.540536,NA
114.951075,-29.540496,NA
114.951082,-29.540447,NA
114.951092,-29.540397,NA
114.95109,-29.540352,NA
114.951095,-29.540304,NA
114.951097,-29.540232,NA
114.9511,-29.540171,NA
114.951128,-29.540117,NA
114.951148,-29.540071,NA
114.951165,-29.540026,NA
114.95119,-29.539986,NA
114.951212,-29.539944,NA
114.951237,-29.539907,NA
114.951272,-29.539872,NA
114.951315,-29.539832,NA
114.951347,-29.539791,NA
114.95137,-29.539752,NA
114.9514,-29.539706,NA
114.951423,-29.539651,NA
114.951438,-29.539597,NA
114.951465,-29.539542,NA
114.951473,-29.539489,NA
114.951495,-29.539439,NA
114.951517,-29.539387,NA
114.951527,-29.539341,NA
114.951552,-29.539291,NA
114.951582,-29.539244,NA
114.9516,-29.539202,NA
114.951625,-29.539156,NA
114.951642,-29.539112,NA
114.95167,-29.539069,NA
114.951688,-29.539022,NA
114.951712,-29.538986,NA
114.95172,-29.538951,NA
114.951725,-29.538891,NA
114.951747,-29.538851,NA
114.95178,-29.538796,NA
114.95183,-29.538752,NA
114.95188,-29.538722,NA
114.951935,-29.538689,NA
114.951997,-29.538654,NA
114.952058,-29.538617,NA
114.952122,-29.538579,NA
114.952193,-29.538541,NA
114.952253,-29.538502,NA
114.95231,-29.538451,NA
114.952343,-29.538382,NA
114.952375,-29.538316,NA
114.952402,-29.538252,NA
114.952418,-29.538197,NA
114.952457,-29.538151,NA
114.95251,-29.538102,NA
114.952548,-29.538064,NA
114.952595,-29.538016,NA
114.952652,-29.537961,NA
114.952703,-29.537924,NA
114.952767,-29.537894,NA
114.952855,-29.537862,NA
114.95294,-29.537841,NA
114.953013,-29.537821,NA
114.953082,-29.537809,NA
114.953167,-29.537797,NA
114.953218,-29.537777,NA
114.953258,-29.537756,NA
114.95329,-29.537741,NA
114.953297,-29.537746,NA
114.953303,-29.537751,NA
114.9262,-29.548767,NA
114.92614,-29.548732,NA
114.926083,-29.548692,NA
114.92604,-29.548651,NA
114.926015,-29.548607,NA
114.92599,-29.548557,NA
114.925992,-29.548511,NA
114.925992,-29.548467,NA
114.925993,-29.548442,NA
114.926022,-29.548386,NA
114.926067,-29.548329,NA
114.926132,-29.548277,NA
114.92622,-29.548247,NA
114.926308,-29.548212,NA
114.926387,-29.548137,NA
114.926408,-29.548062,NA
114.926415,-29.547972,NA
114.92638,-29.547884,NA
114.926343,-29.547786,NA
114.92631,-29.547689,NA
114.92631,-29.547592,NA
114.926343,-29.547484,NA
114.92635,-29.547392,NA
114.926388,-29.547289,NA
114.926445,-29.547197,NA
114.926515,-29.547122,NA
114.926607,-29.547041,NA
114.926678,-29.546972,NA
114.926747,-29.546912,NA
114.926795,-29.546862,NA
114.926835,-29.546814,NA
114.926858,-29.546764,NA
114.926863,-29.546717,NA
114.926867,-29.546669,NA
114.926852,-29.546619,NA
114.926832,-29.546581,NA
114.9268,-29.546541,NA
114.926763,-29.546492,NA
114.926753,-29.546444,NA
114.926732,-29.546399,NA
114.92673,-29.546352,NA
114.926723,-29.546316,NA
114.926733,-29.546271,NA
114.926762,-29.546227,NA
114.92678,-29.546197,NA
114.926815,-29.546152,NA
114.926843,-29.546109,NA
114.926885,-29.546062,NA
114.926952,-29.546002,NA
114.926982,-29.545957,NA
114.927002,-29.545902,NA
114.927023,-29.545846,NA
114.927017,-29.545786,NA
114.927033,-29.545724,NA
114.927027,-29.545672,NA
114.927003,-29.545614,NA
114.926998,-29.545562,NA
114.926992,-29.545514,NA
114.926963,-29.545464,NA
114.926965,-29.545414,NA
114.926963,-29.545366,NA
114.926965,-29.545312,NA
114.926978,-29.545257,NA
114.926998,-29.545216,NA
114.927037,-29.545147,NA
114.927062,-29.545096,NA
114.927083,-29.545044,NA
114.927088,-29.544991,NA
114.927087,-29.544946,NA
114.927103,-29.544911,NA
114.927105,-29.544869,NA
114.927122,-29.544824,NA
114.927143,-29.544782,NA
114.927163,-29.544754,NA
114.927202,-29.544724,NA
114.92724,-29.544681,NA
114.927283,-29.544656,NA
114.927345,-29.544631,NA
114.927415,-29.544604,NA
114.927465,-29.544572,NA
114.927513,-29.544536,NA
114.927542,-29.544497,NA
114.927567,-29.544461,NA
114.927602,-29.544421,NA
114.927627,-29.544402,NA
114.927662,-29.544367,NA
114.927692,-29.544337,NA
114.927747,-29.544307,NA
114.927793,-29.544277,NA
114.927853,-29.544241,NA
114.927895,-29.544206,NA
114.92793,-29.544171,NA
114.927975,-29.544126,NA
114.928002,-29.544084,NA
114.928038,-29.544026,NA
114.928053,-29.543961,NA
114.928065,-29.543909,NA
114.928087,-29.543844,NA
114.928103,-29.543791,NA
114.928135,-29.543724,NA
114.928162,-29.543654,NA
114.928175,-29.543601,NA
114.928177,-29.543551,NA
114.928182,-29.543494,NA
114.928175,-29.543449,NA
114.928167,-29.543411,NA
114.928143,-29.543376,NA
114.928117,-29.543336,NA
114.92808,-29.543299,NA
114.928053,-29.543259,NA
114.928008,-29.543207,NA
114.927987,-29.543167,NA
114.927968,-29.543119,NA
114.92796,-29.543072,NA
114.927953,-29.543022,NA
114.92794,-29.542976,NA
114.92792,-29.542926,NA
114.927893,-29.542869,NA
114.927875,-29.542824,NA
114.92787,-29.542772,NA
114.927865,-29.542719,NA
114.927857,-29.542681,NA
114.927863,-29.542629,NA
114.927858,-29.542577,NA
114.927853,-29.542529,NA
114.927853,-29.542469,NA
114.92785,-29.542429,NA
114.92785,-29.542382,NA
114.927847,-29.542334,NA
114.927843,-29.542291,NA
114.927845,-29.542241,NA
114.927837,-29.542187,NA
114.927825,-29.542137,NA
114.927813,-29.542079,NA
114.92779,-29.542029,NA
114.927752,-29.541981,NA
114.927722,-29.541911,NA
114.927698,-29.541851,NA
114.927693,-29.541786,NA
114.927687,-29.541724,NA
114.927692,-29.541659,NA
114.927703,-29.541591,NA
114.92771,-29.541526,NA
114.927742,-29.541452,NA
114.92777,-29.541392,NA
114.927813,-29.541327,NA
114.927882,-29.541251,NA
114.927923,-29.541179,NA
114.927935,-29.541117,NA
114.92794,-29.541064,NA
114.927923,-29.540992,NA
114.927888,-29.540931,NA
114.927843,-29.540872,NA
114.927817,-29.540817,NA
114.927798,-29.540767,NA
114.927767,-29.540719,NA
114.927745,-29.540674,NA
114.92775,-29.540626,NA
114.927733,-29.540594,NA
114.927727,-29.540554,NA
114.927722,-29.540506,NA
114.927723,-29.540467,NA
114.927743,-29.540421,NA
114.927757,-29.540372,NA
114.927792,-29.540331,NA
114.927818,-29.540299,NA
114.927862,-29.540271,NA
114.927905,-29.540246,NA
114.927965,-29.540229,NA
114.92803,-29.540207,NA
114.928093,-29.540182,NA
114.92814,-29.540146,NA
114.928163,-29.540114,NA
114.928202,-29.540072,NA
114.92821,-29.540029,NA
114.928225,-29.539987,NA
114.928248,-29.539932,NA
114.928255,-29.539884,NA
114.92826,-29.539829,NA
114.928277,-29.539767,NA
114.928288,-29.539714,NA
114.92829,-29.539667,NA
114.928302,-29.539601,NA
114.928317,-29.539557,NA
114.928325,-29.539504,NA
114.928337,-29.539449,NA
114.928337,-29.539397,NA
114.928362,-29.539352,NA
114.928407,-29.539299,NA
114.928445,-29.539247,NA
114.928457,-29.539221,NA
114.928477,-29.539187,NA
114.928488,-29.539151,NA
114.928488,-29.539112,NA
114.928483,-29.539062,NA
114.928468,-29.539011,NA
114.928452,-29.538967,NA
114.92845,-29.538912,NA
114.928437,-29.538852,NA
114.928432,-29.538786,NA
114.92844,-29.538742,NA
114.928435,-29.538697,NA
114.928452,-29.538649,NA
114.928457,-29.538611,NA
114.928483,-29.538574,NA
114.92853,-29.538522,NA
114.928565,-29.538476,NA
114.928588,-29.538419,NA
114.928612,-29.538371,NA
114.928618,-29.538301,NA
114.928615,-29.538247,NA
114.92861,-29.538194,NA
114.928617,-29.538139,NA
114.928617,-29.538084,NA
114.928625,-29.538032,NA
114.928633,-29.537972,NA
114.928627,-29.537927,NA
114.928633,-29.537874,NA
114.928628,-29.537816,NA
114.928628,-29.537771,NA
114.928633,-29.537714,NA
114.92863,-29.537664,NA
114.928632,-29.537619,NA
114.928627,-29.537567,NA
114.928627,-29.537522,NA
114.928628,-29.537479,NA
114.928637,-29.537416,NA
114.928647,-29.537371,NA
114.928658,-29.537312,NA
114.928682,-29.537251,NA
114.928693,-29.537202,NA
114.928712,-29.537156,NA
114.928728,-29.537102,NA
114.928737,-29.537059,NA
114.92875,-29.536999,NA
114.928757,-29.536952,NA
114.928752,-29.536891,NA
114.928765,-29.536831,NA
114.928788,-29.536776,NA
114.928835,-29.536721,NA
114.928872,-29.536661,NA
114.928908,-29.536594,NA
114.928923,-29.536519,NA
114.928935,-29.536452,NA
114.928955,-29.536397,NA
114.928988,-29.536351,NA
114.929037,-29.536299,NA
114.929085,-29.536252,NA
114.929142,-29.536212,NA
114.929193,-29.536176,NA
114.929253,-29.536134,NA
114.929315,-29.536097,NA
114.929367,-29.536062,NA
114.929432,-29.536017,NA
114.929492,-29.535981,NA
114.92954,-29.535957,NA
114.929602,-29.535932,NA
114.929645,-29.535919,NA
114.929708,-29.535889,NA
114.929755,-29.535872,NA
114.929812,-29.535856,NA
114.929885,-29.535831,NA
114.929943,-29.535782,NA
114.929983,-29.535731,NA
114.930015,-29.535657,NA
114.930007,-29.535594,NA
114.929982,-29.535549,NA
114.929945,-29.535507,NA
114.929913,-29.535467,NA
114.929908,-29.535439,NA
114.929902,-29.535407,NA
114.929898,-29.535392,NA
114.929913,-29.535369,NA
114.929912,-29.535361,NA
114.929932,-29.535356,NA
114.929942,-29.535377,NA
114.929948,-29.535397,NA
114.92996,-29.535416,NA
114.929967,-29.535436,NA
114.929975,-29.535447,NA
114.929978,-29.535459,NA
114.929982,-29.535469,NA
114.929987,-29.535479,NA
114.929995,-29.535484,NA
114.93001,-29.535486,NA
114.930017,-29.535489,NA
114.930032,-29.535492,NA
114.930038,-29.535496,NA
114.930048,-29.535494,NA
114.930055,-29.535501,NA
114.93007,-29.535494,NA
114.930078,-29.535492,NA
114.930092,-29.535487,NA
114.930105,-29.535474,NA
114.930123,-29.535462,NA
114.930138,-29.535452,NA
114.930152,-29.535444,NA
114.930165,-29.535436,NA
114.930155,-29.535411,NA
114.9301,-29.535336,NA
114.930093,-29.535221,NA
114.930172,-29.535097,NA
114.930302,-29.534974,NA
114.930455,-29.534849,NA
114.930607,-29.534727,NA
114.93077,-29.534604,NA
114.930935,-29.534491,NA
114.931043,-29.534342,NA
114.931077,-29.534166,NA
114.93106,-29.533981,NA
114.931013,-29.533802,NA
114.930993,-29.533616,NA
114.93098,-29.533437,NA
114.930955,-29.533249,NA
114.930942,-29.533057,NA
114.930922,-29.532861,NA
114.930898,-29.532669,NA
114.930882,-29.532477,NA
114.930863,-29.532281,NA
114.930847,-29.532081,NA
114.930812,-29.531899,NA
114.93079,-29.531694,NA
114.930758,-29.531494,NA
114.930737,-29.531302,NA
114.930723,-29.531112,NA
114.93069,-29.530917,NA
114.930665,-29.530726,NA
114.93065,-29.530531,NA
114.930615,-29.530332,NA
114.930603,-29.530141,NA
114.930592,-29.529946,NA
114.930575,-29.529742,NA
114.930557,-29.529549,NA
114.930547,-29.529352,NA
114.930533,-29.529159,NA
114.930527,-29.528961,NA
114.930515,-29.528761,NA
114.930512,-29.528576,NA
114.930517,-29.528377,NA
114.930547,-29.528177,NA
114.93058,-29.527974,NA
114.930615,-29.527786,NA
114.930675,-29.527592,NA
114.93071,-29.527392,NA
114.93076,-29.527207,NA
114.930807,-29.527011,NA
114.930845,-29.526821,NA
114.930902,-29.526631,NA
114.930933,-29.526436,NA
114.93097,-29.526234,NA
114.93102,-29.526057,NA
114.931045,-29.525859,NA
114.931085,-29.525669,NA
114.931128,-29.525477,NA
114.931172,-29.525286,NA
114.9312,-29.525091,NA
114.931248,-29.524894,NA
114.931293,-29.524706,NA
114.93131,-29.524501,NA
114.931358,-29.524319,NA
114.931417,-29.524134,NA
114.93145,-29.523934,NA
114.931473,-29.523732,NA
114.931518,-29.523554,NA
114.93155,-29.523361,NA
114.931597,-29.523164,NA
114.931637,-29.522974,NA
114.93169,-29.522787,NA
114.931718,-29.522584,NA
114.931747,-29.522397,NA
114.931805,-29.522199,NA
114.93183,-29.522007,NA
114.931878,-29.521816,NA
114.931907,-29.521617,NA
114.93193,-29.521431,NA
114.931978,-29.521216,NA
114.932013,-29.521031,NA
114.932052,-29.520832,NA
114.932078,-29.520637,NA
114.932128,-29.520449,NA
114.932155,-29.520247,NA
114.932192,-29.520054,NA
114.932228,-29.519849,NA
114.932273,-29.519667,NA
114.93231,-29.519467,NA
114.932342,-29.519266,NA
114.93241,-29.519087,NA
114.932445,-29.518892,NA
114.932455,-29.518704,NA
114.932513,-29.518509,NA
114.932553,-29.518317,NA
114.932578,-29.518121,NA
114.932605,-29.517932,NA
114.932645,-29.517727,NA
114.932668,-29.517531,NA
114.932728,-29.517342,NA
114.932758,-29.517136,NA
114.9328,-29.516937,NA
114.93283,-29.516744,NA
114.932878,-29.516537,NA
114.93291,-29.516357,NA
114.932945,-29.516156,NA
114.93298,-29.515957,NA
114.933032,-29.515756,NA
114.933078,-29.515576,NA
114.933098,-29.515377,NA
114.933142,-29.515179,NA
114.933188,-29.514991,NA
114.93321,-29.514801,NA
114.933245,-29.514602,NA
114.933275,-29.514407,NA
114.933317,-29.514224,NA
114.933343,-29.514017,NA
114.933377,-29.513817,NA
114.933437,-29.513631,NA
114.933473,-29.513441,NA
114.933487,-29.513244,NA
114.933528,-29.513049,NA
114.933552,-29.512861,NA
114.933612,-29.512667,NA
114.933652,-29.512474,NA
114.933697,-29.512274,NA
114.933735,-29.512087,NA
114.933777,-29.511896,NA
114.933797,-29.511684,NA
114.933828,-29.511527,NA
114.933873,-29.511409,NA
114.933902,-29.511311,NA
114.93392,-29.511234,NA
114.933935,-29.511166,NA
114.93394,-29.511107,NA
114.933938,-29.511046,NA
114.933945,-29.510996,NA
114.933955,-29.510949,NA
114.933963,-29.510907,NA
114.933973,-29.510872,NA
114.933988,-29.510831,NA
114.934,-29.510794,NA
114.934005,-29.510784,NA
114.93401,-29.510774,NA
114.934027,-29.510761,NA
114.934075,-29.510712,NA
114.934125,-29.510674,NA
114.934208,-29.510646,NA
114.934272,-29.510632,NA
114.93434,-29.510626,NA
114.934402,-29.510624,NA
114.934475,-29.510639,NA
114.93456,-29.510647,NA
114.934623,-29.510641,NA
114.934685,-29.510629,NA
114.934742,-29.510604,NA
114.934793,-29.510577,NA
114.934835,-29.510537,NA
114.934873,-29.510496,NA
114.93491,-29.510446,NA
114.934935,-29.510392,NA
114.934948,-29.510336,NA
114.934957,-29.510272,NA
114.934953,-29.510214,NA
114.934968,-29.510157,NA
114.934978,-29.510112,NA
114.934988,-29.510061,NA
114.935002,-29.510017,NA
114.935005,-29.509977,NA
114.935025,-29.509926,NA
114.935043,-29.509874,NA
114.93506,-29.509829,NA
114.93509,-29.509784,NA
114.935117,-29.509744,NA
114.935138,-29.509704,NA
114.93518,-29.509659,NA
114.935217,-29.509624,NA
114.935267,-29.509577,NA
114.93531,-29.509527,NA
114.935345,-29.509481,NA
114.935375,-29.509434,NA
114.935413,-29.509371,NA
114.935445,-29.509319,NA
114.935457,-29.509272,NA
114.935472,-29.509211,NA
114.935468,-29.509161,NA
114.93548,-29.509099,NA
114.935475,-29.509056,NA
114.935475,-29.508992,NA
114.93546,-29.508941,NA
114.935448,-29.508891,NA
114.935453,-29.508832,NA
114.935467,-29.508784,NA
114.935493,-29.508741,NA
114.935527,-29.508704,NA
114.935572,-29.508674,NA
114.935623,-29.508642,NA
114.935693,-29.508622,NA
114.935765,-29.508611,NA
114.935825,-29.508594,NA
114.935882,-29.508576,NA
114.93593,-29.508552,NA
114.935968,-29.508519,NA
114.936007,-29.508491,NA
114.936047,-29.508447,NA
114.9361,-29.508382,NA
114.936125,-29.508327,NA
114.936142,-29.508272,NA
114.936148,-29.508222,NA
114.936158,-29.508164,NA
114.936162,-29.508114,NA
114.93616,-29.508056,NA
114.936165,-29.508006,NA
114.936163,-29.507949,NA
114.936165,-29.507897,NA
114.936175,-29.507851,NA
114.936195,-29.507799,NA
114.936207,-29.507752,NA
114.936232,-29.507712,NA
114.936245,-29.507677,NA
114.936273,-29.507642,NA
114.936302,-29.507609,NA
114.93633,-29.507556,NA
114.936367,-29.507504,NA
114.936393,-29.507457,NA
114.936412,-29.507417,NA
114.936438,-29.507366,NA
114.93645,-29.507322,NA
114.936452,-29.507282,NA
114.936443,-29.507246,NA
114.936432,-29.507202,NA
114.936415,-29.507157,NA
114.936393,-29.507114,NA
114.936375,-29.507066,NA
114.936363,-29.507014,NA
114.936372,-29.506969,NA
114.936377,-29.506909,NA
114.936395,-29.506854,NA
114.93642,-29.506792,NA
